p1,p2,p3,p4,p5,objective,elapsed_sec
#pragma clang loop(j2) pack array(data) allocate(malloc), ,64,32,100,2.677,6.466648817062378
 , ,100,100,256,2.483,10.43444561958313
 , ,100,100,50,1.857,14.430229902267456
 , ,100,100,100,2.226,18.43122673034668
 , ,100,100,128,2.377,22.4367938041687
 , ,100,128,100,2.292,26.430693864822388
 , ,100,100,4,0.413,28.351239919662476
 , ,100,100,8,0.533,30.35306477546692
 , ,100,100,64,2.066,34.466739892959595
 , ,100,128,32,1.72,38.468307971954346
